A A Public School,1931043,"17/8, Andiappan Gramani Street, Royapuram, Chennai",600013,-,04448595902,-,-,aapublicschool@gmail.com,-,2017,Mrs. S.gnana Jothi,Secondary School,Aladi Aruna Foundation,-,Chennai City
A J C English School,1930134,Lal Bahadur Shastri Road Kumbakonam Tamil Nadu,612001,435,2420730,2428647,2428647,anandhiphysics@gmail.com,-,1985,Anandhavalli K,Senior Secondary,"A J C Societyu, Kumbakonam",-,Thanjavur
A.K.T. Memorial Vidya Saaket School,1930235,"Neelamangalam Village Kallakurichi - Post, Villupuram Distt., Tamilnadu",606202,4151,226655,-,-,principal.aktcbse@gmail.com,-,2001,S Usha Kumari,Secondary School,A.k.t Noble Cause Volunteers Trust,-,Viluppuram
A++ National School,1930194,"Arivoli Nagar, Thirunalveli Road Thiruchendur, Distt Thoothukudi Tamil Nadu",628215,4639,223344,-,-,-,-,2002,Mrs T Gomathi Singh,Secondary School,Mission Arivloli Trust,-,Thoothukudi
A.R.J.  Public School,1930354,"Thirumankottai Main Road, Edayarnatham, Mannargudi -614001",614001,4367,223333,-,9.14E+11,arjps@arj.edu.in,http://www.arj.edu.in,2010,Kavitha S,Senior Secondary,Annai Ammani Ammal Educational And Charitable  Trust,-,Thiruvallur
Aaa International School,1930784,"828, A, S.n. Puram Road, Thiruthangal, Sivakasi",626130,456,8870222200,8870222200,-,principalaaaittl@gmail.com,http://www.aaainternationalschool.com/,2013,Ms. Jain Sonal,Senior Secondary,Panjurajan Amaravathy Educational Trust,-,Virudhunagar
Abacus International Montessori School,1930238,"S.f.no 516 Mudali Palayam Pirivu, Perunthozhuvu Road, Kangayam Road",641606,421,3212321,-,0421-2374502,principal@aimstirupur.com,http://www.aims_tirupur.edu.in,2003,Josephine Maria Prema,Senior Secondary,Global Educational Management Foundation And Charitable Trust,-,Coimbatore
A M Public School,1930516,Nadupattikadayampatti(tk)salem District,636351,4290,04290243578,-,4290243555,ampublicschool12@gmail.com,http://www.ampublicschool.in,2012,Mrs. Thamayanthi S,Senior Secondary,Amr Charitable Foundation  Trust,-,Salem
Abcs Kenbridge School,1930573,"Trichy Rameswaram Main Road,naranamangalam Post,near Devipattinam, Ramanathapuram Dist",623537,4567,259364,-,-,kenbridgeprincipal@gmail.com,-,2011,Ravichandran S,Senior Secondary,Vimalanandha Educational Charitable Trust,-,Ramanathapuram
Abs Vidhya Mandhir,1930290,"Thalakancherry Road, Iveli Agaram, Thiruvallur",602001,-,9380606725,-,4428527124,absvm.rathi@gmail.com,www.absvidhyamandhir.com,2010,Dr.r.gayathri,Senior Secondary,Abs Educational Trust,-,Thiruvallur
Achariya School,1930428,"3/185-1,muthumariamman Kovil Road",628721,4632,248689,-,-,sudalaimuthu1981@gmail.com,-,2007,Sudalaimuthu,Senior Secondary,Achariya Charitable &educational Trust,-,Thoothukudi
Achariya Siksha Mandir,1931317,"# 329, 20th Street, Astalakshmi Nagar, Alapakkam, Chennai- 600116",600116,-,04448552235,-,-,asmprincipal.ch@achariya.org,http://www.achariya.in,2020,Miss Thanga Usha,Secondary School,A,-,Chennai City
Acharya Mahashraman Terapanth Jain Public School,1931160,"57 & 58/1, Thattankulam Road, Madhavaram, Chennai, Tamilnadu",600060,-,7200845678,-,-,admin@amtjainpublicschool.com,http://www.amtjainpublicschool.com,2019,Mrs. V. Jaya Prasad,Secondary School,Jain Terapanth Welfare Trust,-,Chennai
Achyuta Academy School,1930450,"Thadicombu Road,kurumbapatti Village, Dindigul Distt., Tamilnadu",624001,91,9047057017,-,-,karthikaikumar.aps@gmail.com,-,2012,Karthikaikumar S,Senior Secondary,Palani Hills Educational And Charitable Trust,-,Dindigul
Adarsh Vidya Kendra,1930136,Poineer Compound Vetturnimadam Nagercoil Kanyakumari Distt. Tamil Nadu,629003,4652,232354,-,-,avkcbse@gmail.com,http://www.avk.edu.in,1985,Mr. Binumon V R,Senior Secondary,Adarsh Educational Trust,-,Kanyakumari
Adharsh Vidhyalaya Public School,1930910,"Adharsh Vidhyalaya Public Schooladharsh Nagar, Ksn Puram (po) - 641662,palladam (tk), Tiruppur (dt), Tamilnadu, India.",641662,-,04255277666,-,4255278222,avps.palladam@gmail.com,http://www.adharshvidhyalaya.com,2016,Mrs. Sindhu K,Secondary School,Adharsh Educational And Charitable Trust,-,Coimbatore
Adhiyaman Public School,1930887,"Malligai Nagar,uthangarai - 635207",635207,-,04341223189,-,-,adhiyamanpublicschool@gmail.com,http://adhiyamanpublicschool.com,2017,Mrs. Leena Jose,Senior Secondary,Srinivasa Educational Trust,-,Krishnagiri
Adhyapana School,1930311,"Visthara,beyond Fatima College,madurai-dindugal Main Road,madurai- 625 402.",625402,452,2970207,-,4524374693,avisveswar@gmail.com,-,2009,Aruna M Visvessvar,Senior Secondary,Adhyapana Trust,-,Madurai
Adithya Global School,1931258,"346/1 Sathy Road,kurumbapalayam,ss Kulam,coimbator",641107,-,9842266906,-,-,adithyaglobalschool@gmail.com,adithyaglobalschool.com,2020,Mrs. Vijaya Prabha M,Secondary School,Adithya Education Trust,-,Coimbatore
Adithya International School,1930633,"S.f No 222, Lakshmi Nagaridigarai Postidigarai",641022,422,09842211901,-,0422-2513866,indiranim.phil@gmail.com,http://www.aiscbe.edu.in,2014,Mrs. A.r.indirani,Senior Secondary,Adithya Mission,-,Coimbatore
Aditya Vidyashram Gurugram Campus E Techno School,1930995,"Poonamalle-avadi Main Road, Veeraghavapuram, Thiruverkadu",600077,-,9159523999,-,-,Aditya_CHN_Avadi@adityacbse.com,http://chennai.adityacbse.com/,2017,Mrs. Manimalai,Senior Secondary,Sri Vidyanarayana Educational Trust,-,Chennai
Adharsh Vidhyalaya Public School,1930371,"Paruvachi (po), Bhavani (tk), Erode (dt) - 638 312, Tamilnadu, India",638312,4256,256555,-,04256 256706,avps312@gmail.com,http://www.adharshvidhyalaya.com,2010,Settu V,Senior Secondary,Adharsh Educational And Charitable Trust,-
Advaita International School,1931398,"Subash School Road, , Andipalayam",641687,-,04214250500,-,-,shirazkirmani@gmail.com,http://advaitaschool.in/,-,Rajalakshmi Pa,Secondary School,Sri Advaita Educational Trust,-,Tiruppur
Advaith International Academy,1930740,"Virupasandram, (inupasandram - Nallur Road), Nallur Panchayat, Hosur Taluk, Hosur.",635103,4344,8610559741,-,-,advaithprincipal@gmail.com,http://www.advaithacademy.ac.in,2014,Bhavani M,Senior Secondary,Aswath Narayana Educational & Charitable Trust,-,Dharmapuri
Adwaith Thought Academy,1931285,"Sowripalayam Road, Coimbatore-641028.",641028,-,04222317916,-,-,adwaithgnsschool@gmail.com,www.adwaithgns.in,1982,Mrs. Suseela.v,Senior Secondary,Shri. G.n. Sam Trust,-,Coimbatore
Agarwal Vidyalaya And Junior College,1930961,"No.54, Evk Sampath Road, Vepery, Chennai",600007,-,04426618665,-,-,avjrcollege@gmail.com,http://www.agarwalvidyalaya.com,2018,Mrs. R.sumathi,Senior Secondary,Agarwal Relief Educational Trust,-,Chennai City
Agastya Academy,1930280,"Arachalur - Chennimalai Main Road,sunaiparai, Veerapampalayam (po),dist.periyar, Tamil Nadu-638 101",638101,424,2357879,8570202399,-,chemistchimbu@gmail.com,-,2009,S Chidhambaram,Senior Secondary,Amarjyothi Educational And Charitable Trust,-
Agaram Public School,1930415,"Karur Main Road, Kolathupalayam, Dharapuram Periyar",638661,425,8241333,2262075,-,agarampublicschool@gmail.com,http://www.agarampublicschool.com,2012,Stephenson,Senior Secondary,Malar Educational And Charitable Trust,-
Agr  Global School,1931081,"42/8a,  Murphy Dass Road, Baby Nagar, Velachery, Chennai -600042",600042,-,044-49528369,-,-,agrglobalschool@gmail.com,http://www.agrglobalschool.com,2016,Mrs. N Chamundeswari,Secondary School,Ganesan Charitable Trust,-,Chennai
Air Fce School,1980006,Afac Administrative College Red Fields Coimbate Tamil Nadu,641018,422,2220321,-,-,afsschoolcbe@yahoo.com,-,1996,Mr. Bhanumathy Chandran,Secondary School,Iaf Edn. & Cul. Soceity,-,Coimbatore
Air Fce School,1980003,23 Equipment Depot Avadi Chennai Madras,-,1593,6383277,-,-,-,-,1977,M Armstrong,Senior Secondary,Air Fce Station,-,Thiruvallur
Ajc Public School,1930423,No.1  Raja Nagar Saveriar Kovil Tsunami Quarters West Side Kadampadi Nagappattinam - 611001,611001,-,08903009049,-,-,bennetbiology@gmail.com,-,2010,Bennet J,Senior Secondary,Ajc Society,-,Nagapattinam
Akara World Schools - Cbse,1930828,"No.1, Udayanpatti Main Road, Udayanpatti, Kk Nagar",620021,8352,7358600620,-,-,contact@akaraeducation.com,www.akaraworldschools.org,2016,Dr. Porchelvi,Senior Secondary,Akara Foundation For Education And Research,-,Trichirappalli
Air Force School,1930116,23 Equipment Depot Avadi Chennai Madras,600055,-,6383277,6550139,-,-,-,-,M Armstrong,Secondary School,Air Force Station,-,Thiruvallur
Akchara Bala Bhavan,1930372,"Akchara Bala Bhavan, Lakshmana Samuthiram, Narasingapuram, Attur T.k, Salem -636108, Tamilnadu, India",636108,4282,04282281121,-,-,akcharakrn@gmail.com,www.akcharabalabhavan.com,2010,Mrs. Umamageswari. G,Secondary School,Sri Saradha Charities And Endowments,-,Salem
Akg Public School,1930826,"1/176, Bharathiyar St., Jaladianpet, Pallikaranai, Medavakkam Post-jalladianpet, Chennai - 600100",600100,-,22461418,-,22461335,principal@akgpublicschool.com,www.akgpublicschool.com,2014,Dr. Dhaarini Mohan,Senior Secondary,Asan Memorial Association (regd.),-,Kancheepuram
Agurchand Manmull Jain School,1930733,"No.2, Govindasamy Street, Nanganallur, Meenambakkam",600114,44,8825511088,9952968519,-,amjainschool@yahoo.com,http://www.amjainschool.org.in,2011,Mrs. G Shanthalalakshmi,Senior Secondary,Shri.s.s.jain Educational Society,-,Kancheepuram
Akr Academy School,1930258,"Sfno 413,avinashi Main Road,t.m.poondi (post),anaipudur",641652,3192,"04296270999, 04296273471",-,4296274494,kln@akracademy.in,-,2008,Indira Hariharan,Senior Secondary,Akr Academy,-,Coimbatore
Aksara Vidhyamandir,1931247,"Survey No.14/10 B,eindhu Veedu,nallanpillaipetral",606611,-,9994223380,-,-,aksaraempowerment@gmail.com,www.aksaravidhyamandir.org,2019,Mrs. Nafeesa Banu S N,Secondary School,Lakshmi Hayagriva Educational Trust,-,Tiruvannamalai
Akshara Vidya Mandir,1931284,"Akshara Vidya Mandir, Nh 227, Trichy - Chidambaram Highwayvilvakulam",608301,-,7010088310,-,-,avm@nite.ac.in,www.nite.ac.in,2019,Mr. Kanmani Samikannu,Secondary School,Nelliandavar Educational Trust,-,Cuddalore
Akshara Public School,1931334,"Sriramapuram,vellanampatti,vedasandur Tk,dindigul Dt - 624702",624702,-,04545240236,-,-,aksharapublicschoolcbse@gmail.com,-,2019,Mr. M. Hari Hara Suthan,Secondary School,Sri Mahalakshmi Charitable Trust,-,Dindigul
Akshara Vidyaashram,1930180,11 Beach Road Cuddalore Tamil Nadu,607001,4142,291297,9626260611,-,akshara.vidyaashram@gmail.com,-,1994,Mrs Thilagavathy N,Senior Secondary,Dr Ranganathan Mem Trust,-,Cuddalore
Aksharam International School,1930996,"Sf.no 426/2 ,mathampalayam,billichi,coimbatore-641019,tamilnadu.",641019,-,04222461991,-,-,info@aksharamschool.org,http://aksharamschool.org/,2017,Mr. A.sivakumar,Senior Secondary,Aksharam Educational Charitable Trust,-,Coimbatore
Akshaya Academy Cbse School,1930263,"Puthuchatram Post, Oddanchatram",624619,4553,241996,3192236175,-,muthutis@gmail.com,-,2008,Innacimuthu,Senior Secondary,Akshaya Educational & Charitable Trust,-,Dindigul
Akshaya Academy Cbse School,1930249,"Opposite To Travellers Bungalow,dindigul Road,palani",624601,4545,04545241166,-,-,plncbseprincipal@gmail.com,-,2008,Mrs. Gayathri,Senior Secondary,Palani Hills Educational & Charitable Trust,-,Dindigul
Akshaya Academy School,1931419,"Thudiyalur, Coimbatore North Taluk",641017,-,9047057006,-,-,cbe@akshayaacademy.com,www.akshaya.academy,-,T Rajeswari,Senior Secondary,Akshaya Educational  Charitable Trust,-,Coimbatore
Al - Hira Model School,1930469,"No. 16, B.n. Reddy Road T. Nagar,chennai - 600017",600017,44,49014574,-,49014568,sfnparveen@gmail.com,-,2004,Safeena Parveen J,Senior Secondary,Anjuman-e-himayath- E- Islam,-,Chennai City
Akv Public School,1930488,"Suriyagoundampalayam,mallasamudram(po),namakkal (dt)",637503,4288,04288238555,-,-,akvpublicschool@gmail.com,http://www.akvschools.com,2012,Mr. Palanivel P,Senior Secondary,Akv Educational Trust,-,Namakkal
Al-Madinah Public School,1930845,-,627005,-,8489270200,-,-,almadinahcbse@gmail.com,http://www.almadinahcbse.com,2014,-,Senior Secondary,Al-madinah Educational And Charitable Trust,-,Tirunelveli
Al-Munawara Islamic School Cbse,1930660,"Al-munawara Islamic School (cbse)indhra Nagar, Neivasalpatty Road,sivapuram Post,pudukkottai, Pudukkottai District",622422,-,9629152772,011-25554226,-,AMIISCBSE@GMAIL.COM,http://www.almunawaraschool.org,2014,Mr. Balaji G,Senior Secondary,Syed Ibrahim Educational And Charitable Trust,-,Pudukkottai
Akshardham Central School,1931425,"Panampet Road, Villupuram",605602,-,04146290009,-,-,akshardhamcentralschool@gmail.com,http://www.akshardhamgroup.com,-,Chithrakala R,Secondary School,Mahalakshmi Educational Trust,-,Viluppuram
Al-Qalam International School,1931228,"Ramnad -rameswaram Highway,perungulam  Village, Ramanathapuram District.",623536,-,916385565678,-,-,alqalam858@gmail.com,www.alqalam.school,2019,Mrs. Pavitha  G.,Secondary School,Al-qalam Educational Trust,-,Ramanathapuram
Alagar Public School,1930418,"4/42/3, Muthammal Colony Extension. Thoothukudi 628002.",628002,461,2347300,-,-,principal@alagarschool.in,http://www.alagarschool.in,2010,Deepashree Sarma,Senior Secondary,Alagar Charitable Foundation,-,Thoothukudi
Alagu Jothi Academy,1930312,"Poompuhur Main Road, # 3, Melaiyur, Karuvazhakkari (po), Tranquebar (tk), Nagaipatinam Districtpincode - 609 304",609304,4364,282838,-,-,principal@alagujothiacademy.in,http://www.alagojothiacademy.in,2008,Noel Mani C,Senior Secondary,Alagu Jothi Educational Trust,-,Nagapattinam
All India Modern School (Aims),1930342,"595/d, Arcot Road,",604407,4182,222070,-,-,principalaimscbse@gmail.com,-,2004,T Geethakrishnan,Senior Secondary,All India Computer Educational Trust,-,Tiruvannamalai
Alpha Elite High,1931255,"Berigai Road, Bagalur, Belathur Post",635124,-,04344296211,-,-,alphaelitehigh@gmail.com,www.alphaelitehigh.com,2004,Mr. Cyril Gilbertson A,Secondary School,Alpha Children Ministry Trust,-,Krishnagiri
Almighty Vidhyalaya Public School,1930800,"Madhurakaliamman Kovil Back Side, Marudhadi Road, Siruvachur (P.O), Perambalur – 621 113.",621113,4328,"9385895303, 9385895304, 9994448567",-,-,avps.admissions@gmail.com,avps.edu.in,2015,Mrs. Dr.sivakami.k,Senior Secondary,Madhurambiga Educational Trust,-,Perambalur
Alpha School,1930790,"No.30, Theruveethi Amman Kovil St, Alpha Nagar , Thundalam",600116,44,044-24767765,-,-,alphapor@alphagroup.edu,http://www.alphagroup.edu,2014,Mrs. Shynu John,Senior Secondary,N George Educational Trust,-,Thiruvallur
Alpha International School,1931387,"Velachery Main Road, Sembakkam",600073,-,044-22,-,-,semais@alphagroup.edu,www.alphagroup.edu,-,Nalini Ravi,Secondary School,N George Educational Trust,-,Chengalpattu
Alchemy Public School,1930578,Opp. P P G Institute Of Technology Saravanampatti,641035,91,9626233033,-,-,alchemy@ppg.edu.in,http://www.ppg.edu.in/alchemypublicschool,2012,Mrs. K.r.vijayalakshmi,Senior Secondary,P.perichi Gounder Memorial Charitable Trust,-,Coimbatore
Brindhavanna Vidhialaya,1930236,"Gandhi Nagar, Mettupalayam Road , Tamil Nadu",641104,4254,291772,5683282041,7492401004,angulakshmi.bv@gmail.com,-,2003,Angulakshmi D,Secondary School,Late Vimla Devi Gautam Memorial Cheritable Society,-,Coimbatore
Brindhavan Vidhyalaya Public School,1930922,"S.f.no.32/2a, Sundarpuram Road, Kurumbapalayam Pirivu,madukkarai, Coimbatore.",641105,-,04222983332,-,-,bvpublicschool2014@gmail.com,www.bvpublicschool.com,2014,Mrs. K.vanitha,Senior Secondary,Brindhavan Educational Trust,-,Coimbatore
C V R D E Secondary School,1930042,Avadi Chennai Tamil Nadu,600054,-,6385862,6372509,-,drcurd@tn.nic.in,-,1978,Mrs Jayalakshmi Raghavan,Secondary School,-,-,Chennai
Buds Vidhyashram Cbse School,1931311,"Dharapuram Road,thangachiammapatti Village,oddanchatram Taluk,dindigul District",624619,-,9865165551,-,-,budscbseodc@gmail.com,-,2019,Mrs. Saranya K,Secondary School,Buds Flourshing Educational Society,-,Dindigul
C.S.I. Ewart Global School,1931220,Dr Alagappa Roadpurasawalkam,600084,-,04426411295,-,-,ewartglobalschool@gmail.com,http://www.csiewartglobal.in,2018,Mrs. Karen Vishwanath,Secondary School,The Church Of South India Trust Association,-,Chennai City
Cambridge Public E-School,1930422,"Kattikanapalli, Krishnagiri",635001,4343,7373755266,-,-,elahibaksh.ban@gmail.com,http://www.cambridgekrishnagiriindia.com,2011,Elahi Baksh P,Secondary School,Cambridge Educational Trust,-,Dharmapuri
Cambridge International School,1931193,"S.no.291/1, Athens Arc, Keelambur, Ambasamudram - Tenkasi Main Road, Ambasamudram Taluk, Tirunelvli Dt. 627418",627418,-,04634222909,-,4634222909,cambridgecbse2017@gmail.com,www.ciscbse.in,2018,Mrs. Amala Julian,Senior Secondary,St.agnes Educational Trust,-,Tirunelveli
Cambridge Public E-School,1930426,"Kakangarai Road, Kaveripattinam",635112,4343,250526,-,-,sivakumarbellan23@gmail.com,-,2011,N B Sivakumar,Senior Secondary,Kamaraj Educational Trust,-,Dharmapuri
Cantonment Board Sec. School,1980015,"Chinnavandisolai Barracks, P.o. Wellington Nilgiris, Tamil Nadu-643 231",764048,172,2679019,-,-,ghsdaria@yahoo.co.in,-,1988,-,Secondary School,Navodaya Vidyalaya Samiti,-,The Nilgiris
Care International School,1930277,"N0. 27 , Thayano Village , N.kuttapattu, Tiruchirapalithillai Nagar",620009,431,2690502,-,-,gita.pattanayak@gmail.com,-,2009,Gita Pattanayak,Senior Secondary,G.narayan Educational Trust,-,Trichirappalli
Cauvery International School,1930271,"Poun Nagar, Pannangkombu(post), Manaparai(tk),trichy (dist).",621306,4332,260752,-,04332-262883,karpagamnov@gmail.com,-,2007,Karpagam K,Senior Secondary,Poun Educational And Rural Development Trust,-,Trichirappalli
Cauvery Global School,1930585,"13th Cross, Bharathi Nagar, Puthur, Trichy - 17",620017,431,4060485,-,-,cgs2012reddy@gmail.com,http://www.cauveryschools.com/,2012,Saraswathi,Senior Secondary,Reddy Educational Trust,-,Trichirappalli
Century Foundation Public School,1931270,Rakkiyapalayamvijayapuram Postnallur,641606,-,04212424847,-,-,dhannya01239@gmail.com,www.cfps.co.in,2018,Mrs. Dhannya.k,Secondary School,Century Foundation Educational Trust,-,Tiruppur
Chakra Vidyalaya School,1930972,"Chakra Vidyalaya School, Vadachettiyandal, Vadasemapalayam,",605801,-,8110022746,-,-,sara.ramanujam@gmail.com,-,2015,Dr. S.subbulekshmi,Secondary School,Sri Chakra Educational Trust,-,Viluppuram
Ceedeeyes Dav Public School,1930425,"Chennaipattinam, Ammapetai, Nellikupam Village, Kancheepuram Dt",603108,44,67453116,-,044-2744041,renukadeviprincipal@gmail.com,http://www.ceedeeyesdav.com,2011,Sharmila Soman,Secondary School,Ceedeeyes Education And Charitable Trust,-,Kancheepuram
Chanakya Vidyashram,1931026,Ecr Roadmarakkanam,604303,-,0449445043939,-,-,chanakyacbse2018@gmail.com,http://www.chanakyavidyashram.com/,2018,Mrs. R.banumathi,Senior Secondary,Sri Maragathambigai Educational Trust,-,Viluppuram
Chanakya International School,1931097,Sf No 495 Ponmedu Punjai Puliampatti Sathyamangalam Erode Dist,638459,-,04295293388,-,4295293388,dinudk12@gmail.com,http://www.chanakyainternationalcbse.com,2018,Mrs. K.yasodha,Secondary School,Shri Rk Sing Memorial Educatinal Trust,-,Erode
Chandra Chellappan International School,1930720,"Thalambadi Post, Sellappampatti (via) Namakkal Tk & Dt.,tamil Nadu",637019,2621,04286 245792,-,-,chandrachellappanschool@gmail.com,-,2013,Mr.g.sivakumar,Secondary School,Chandra Chellappan Educational & Chartiable Trust,-,Namakkal
Chandrakanthi Public School,1930475,"Tex Park Road, Civil Aerodrome Post, Distt Coimbatore, Tamilnadu",641014,422,2934122,-,0422 3222252,principal@chandrapublic.edu.in,http://www.chandrapublic.com,2008,Karunambikeswari,Senior Secondary,Grg Trust,-,Coimbatore
Chandra National School,1930555,"Virudhunagar Road, Periapuliampatti (west), Aruppukottai",626101,4566,04566-291866,-,04566-225283,chandranationalschool@yahoo.com,http://chandranationalschool.com,2012,Mrs.kanimozhi. M,Senior Secondary,Chandra Educational Trust,-,Virudhunagar
Chelammal Vidhyaashram,1930392,"Ganapathy Nagarmusiri To Thuraiyur Road, Musiri Tk, Tiruchy Dt",621211,4326,260320,2751856,-,principalcvcs@gmail.com,-,2011,Seetha Kutty S,Senior Secondary,Chelammal Educational Charitable Trust,-,Trichirappalli
Chathrapathy Shivaji D A V School,1930083,13  Circular Road U.i Colony Kodambakkam Chennai Tamil Nadu,600024,44,24841783,044-24841783,24841783,bharatikishore123@gmail.com,-,1974,K Bharati,Secondary School,Ch Shivaji Educational Cultural Soc,-,Chennai City
Chellammal Vidyalaya,1930673,"Kallanai Road, Vengur,thiruverumbur",620013,-,04312404329,-,-,vidyalayachellammal@gmail.com,http://www.cvcbse.edu.in,2014,Mrs.usha Kumaraswamy,Senior Secondary,Ark Educations Welfare Trust,-,Trichirappalli
Chellappan Vidya Mandir,1930340,"O.siruvayal Road,kalanivasal,karaikudi",630208,4565,256066,42113894,4565238559,principal@cvmschools.org,http://www.cvmschools.org,2010,Siva Kumar,Senior Secondary,Chellappan Mangaiyarkarasi Educational Trust,-,Ramanathapuram
Chennai Public School,1930294,"Thiruvallore Main Road, Thirumazhisai, Chennai - 602107",602107,-,04426262407,-,-,chennaipublicschool.com,http://www.chennaipublicschool.com,2007,Madhu,Senior Secondary,Kuppadisaatham Narayanasami Educational Trust,-,Thiruvallur
Chennai Public School,1930242,Tvs Avenue Main Road Annanagar West Extension,600101,44,04426544477,044-24724790,4426282552,nalinircps@gmail.com,http://www.chennaipblicschool.com,2007,Nalini Ravindran,Senior Secondary,Kuppadichattham Narayasamy Educational Trust,-,Thiruvallur
Chettinad Public School,1930351,"70e, Madurai Main Road.managiri. Karaikudi",630307,4565,238444,734001453,-,principal@chettinadpublicschool.edu.in,http://www.chettinadpublicschool.com,2009,G R Ramesh,Senior Secondary,Chettinad Educational Trust,-,P.T.T District
Chettinad Vidya Mandir,1930247,"Chettipalayam,puliyur C.f. Post,karur",639114,432,251522,603228,04324 250900,principal@chettinadvidyamandir.org,http://www.chettinadvidyamandir.com,2008,Vidhya M S,Senior Secondary,Rani Meyyammai Achi Of Chettinad Charitable Trust,-,Karur
Chinmaya International Residential School,1930154,Nallur Vayal Post Siruvani Road Coimbatore Tamil Nadu,641114,422,"2613303, 815752",2613414,2615725,principal@cirschool.org,http://www.cirschool.org,1993,Shanti Krishnamurthy,Senior Secondary,Polkaji Shikshan Sansthan,-,Coimbatore
Chettinad Vidyashram,1930137,Chettinad House Greenways Road R.a Puram Chennai Tamil Nadu,600028,44,"24933722, 4942874",24410022,24622727,c.vidyashram@gmail.com,http://www.cvs.ac.in,1986,S Amudha Lakshmi,Senior Secondary,Mrs Meena Muthiah,-,Chennai City
Chinmaya Vidyalaya,1930100,Chinmaya Nagar Stage-ii Virugambakkam Chennai Tamil Nadu,600092,44,24796802,43564350,24790015,cvvprincipal@gmail.com,-,1970,P Vijayalakshmi,Senior Secondary,Central Chinmaya Mission Trust,-,Chennai City
Chinmaya Vidyalaya,1930025,Tapovanam 9-b  Taylors Road Kilpauk Chennai Tamil Nadu,600010,44,"26460631, 6460631",22236491,26442369,csathya54@gmail.com,-,1968,Sathiyamoorthy C,Senior Secondary,Central Chinmayay Mission Trust,-,Chennai City
Chinmaya Vidyalaya,1930147,Plot No. 5063 Z Block Belly Area Anna Nagar West Chennai,600040,44,"26261358, 6223217",4424796253,26210939,gowrilvenkat@gmail.com,-,2009,V Gowrilakshmi,Senior Secondary,-,-,Chennai
Chinmaya Vidyalaya,1930459,"Thondamuthur Road,vadavalli,coimbatore 641041",641041,422,04222423052,-,4222424003,chinmcbse@gmail.com,www.chinmayacbsecbe.com,2010,Mrs. Radha Srikaanth,Senior Secondary,Ccmt Mumbai,-,Coimbatore
Chinmaya Vidyalaya,1930183,646 Chokkanathar Koil Street Kadambadi Nagapattinam Tamilnadu India,611001,4365,"04365249455, 242855",-,474251222,nagai_vidyalaya@yahoo.com,http://www.chinmayavidyalayangt.org,1997,Mrs. Geetha Bennet C,Senior Secondary,Madras Chinmaya Seva Trust,-,Nagapattinam
Chitra Krishnasswamy Vidyalaya,1931071,"Kancheepuram - Kalavai Main Road,vembakkam",604410,-,7338849588,-,-,ckvidyalaya@gmail.com,http://www.ckvschool.com,2017,Mrs. Usha Nandakumar,Secondary School,K V C Trust,-,Tiruvannamalai
Christ Cmi Central School,1930818,Anjugramam,629401,4652,04652267333,-,-,christschoolkk@gmail.com,www.christanjugramam.org,2012,Mrs. Daisy Thomas,Secondary School,Christ Cmi Educational And Charitable Trust,-,Kanyakumari
Christ International School,1931159,Malamary Marthandam Kanyakumari Dist,629152,-,04651284289,-,-,jeya.csiit@gmail.com,-,2015,Mrs. Evangeline,Secondary School,Leading Light Academy,-,Kanyakumari
Christ The King Cbse Public School,1931202,"Assisipuramnedungur Postlalgudi Taluk, Trichy Districttamilnadu - 621105",621105,-,9443142088,-,-,christthekingcbse@gmail.com,-,2019,Miss Sr Augustinal J,Secondary School,Kumbakonam Diocese Society,-,Trichirappalli
Christ The King International School,1931020,"New Life Campus, Meiyampuli, Thangachimadam-po",623521,-,08870062211,-,-,internationalschoolrmm@gmail.com,http://www.internationalschoolrmm.com,2016,Mrs. Salini,Secondary School,Vision India Educational Trust,-,Ramanathapuram
Christ The King School,1931283,"Maniyampattu Village, Ranipet, Valaja Taluk, Vellore District",632403,-,9789454351,-,-,christildac@gmail.com,http://www.christthekingrpt.com,2018,Mrs. Christilda C,Secondary School,Dr Jeevi Memorial Educational Trust,-,Vellore
Christ The King School,1931192,Jack Campuskannumamoodupalukal Postkanyakumari District - 629170,629170,-,04651236330,-,-,christthekingcbse2008@gmail.com,www.christthekingcbseschool.com,2008,Mr. Robin Leo.s,Senior Secondary,Anbu Illam Trust,-,Kanyakumari
Christus Rex Higher Secondary School,1930070,Post Box No. 45  St. Mary's Hill Ootacamund The Nilgiris Tamil Nadu,643001,423,"2442064, 443340",446354,0423/43340,christusrex1975@gmail.com,-,1975,Mary Elizabeth Josephine,Senior Secondary,R T Rev Dr Aruldas James Bish Op Of,-,The Nilgiris
Ck School Of Progressive Education,1931165,"Jayaram Nagar,chellankuppam",607003,-,04142294748,-,-,ckspe2017@gmail.com,WWW.CONFIDENTKIDS.IN,2016,Mrs. G.kanimozhi,Middle Class,Sri Jayaram Educational Trust,-,Cuddalore
Ck School Of Progressive Education,1931286,"Ck School Ofprogressiveeducation,jayaram Nagar,chellankuppam, Cuddalore District, Pin Code :607003tamil Nadu.",607003,-,04142297711,-,-,schoolinfo@ckspe.com,www.ckspe.com,2016,Mrs. Mrs.sudha,Senior Secondary,Sri Jayaram Educational Trust,-,Cuddalore
Cluny Vidya Nikethan,1930405,"Attur Bye-pass Road, Salem Distt., Tamilnadu",636015,427,2466644,-,-,cvnsalem@gmail.com,-,2009,Ms.jiji T.k,Senior Secondary,The Educational Society Of The Sisters Of St.joseph Of Cluny,-,Salem
Cmc International School,1930875,"139, Ayyasamy Koil Street,theethi Palayam,",641010,-,04222364900,-,-,mr@cmc.ac.in,www.cmcischool.com,2014,Mrs. Saravana Gita K,Senior Secondary,S.i.nathan Charitable Trust,-,Coimbatore
Colours Indian School,1931200,"No.24, Vandalur-kelambakkam Road, Melakottaiyur Village,chennai - 600127.",600127,-,8056017561,-,-,correspondent.colours@gmail.com,http://www.coloursindianschool.com,2019,Mrs. Neela Bai,Senior Secondary,Michael Educational Trust,-,Chengalpattu
Cosmopolitan Model Vidyalaya,1930946,"Nehemiah Nagar,sengadu Village And Post, Sriperumbudur Taluk",602002,-,04427658048,-,-,cosmomodelvidyalaya@gmail.com,http://www.cosmopolitanmodelvidyalaya.com,2012,Dr. N.jothishmathi,Senior Secondary,Cosmopolitan Educational Cultural And Social Development Trust,-,Kancheepuram
Crayons Public School,1930493,"9 K, Maruthachala Aachari Thottam, Idigarai, Coimbatore",641022,422,09976153611,-,-,crayons_school@yahoo.in,http://www.crayonspublicschool.com,2012,Mrs.b. Malarvizhi,Senior Secondary,Annai Meenakshi Educational Trust,-,Coimbatore
Cs Academy,1930510,"Sf No 262, Vlb Engineering College Road, Kovaipudur",641042,-,8754012484,-,-,principal.cbe@csacademy.in,http://www.csacademy.in,2012,Sunanda Kc,Senior Secondary,Lmr Education Trust,-,Coimbatore
Cs Academy,1930245,Vallipurathanpalayam Kavundachipalayam Village,638112,424,8751031448,3192236175,4242431857,principal@csacademy.in,http://www.csacademy.in,2009,Shakila Mathew,Senior Secondary,Lkm Education Trust,-
Ct International School,1931325,"Kesarapatti Po,valayapatti Via,ponnamaravathi Tk,pudukkottai Dt.",622411,-,0433262119,-,4333262119,ctinternationalschool@gmail.com,ctinternationalschool.org,2018,Miss K.vaidhehi,Secondary School,Ct Foundation,-,Pudukkottai
D A V  B H E L School,1930053,Bhel Township Ranipet N.a.a Dist. Tamil Nadu,632406,4172,241220,04172-241097,-,karuppiahm@yahoo.in,-,1982,M Karuppiah,Senior Secondary,Man Bodynational Convent School,-,North Arcot
D A V Boys Senior Sec School,1930148,212-213  Lloyds Road Gopalapuram Chennai Tamil Nadu,600086,44,"28352866, 8251370",8232169,265009,shanthydavgpm@gmail.com,http://www.skps.ac.in,1980,Shanthy Asokan,Senior Secondary,Paradise Educational Society,-,Chennai
Coimbate Public School,1930287,"Chinnamettupalayam,saravananpatti P.o.,coimbate - 35",641035,422,2973040,229210,0422 2669644,principal@coimbatorepublicschool.com,http://www.coimbatepublicschool.com,2009,Sivagami Sundari R,Senior Secondary,Saraswathi Foundation,-,Coimbatore
D A V Public School,1930141,No 19 Sitaram Nagar Velachery Chennai Tamil Nadu,600042,44,22431258,26413119,22430459,minoodav@gmail.com,-,1999,Minoo Aggarwal,Senior Secondary,Mgm Charitable Society,-,Chennai
D A V Girls Sr Sec School,1930003,182  Lloyds Road Gopalapuram Chennai Tamil Nadu,600086,44,"28114193, 8251369",8259760,-,ushakc69@gmail.com,-,1970,K C Usha,Senior Secondary,Tamilnadu Arya Samaj Ednl. Society,-,Chennai
D A V School,1930124,Sree Nandeeswarar Campus Adambakkam Madras Tamil Nadu,600088,44,044-22601845,-,044-22601416,dav_schooladambakkam@rediffmail.com,http://www.davadambakkam.org,1985,Mrs. Geetha J,Senior Secondary,D.a.v.school Trust,-,Kancheepuram
D A V Senior Sec School,1930144,Plot No R 40(b) 120 Feet Road Mogappair Anna Nagar West Extn. Mogappair Tamil Nadu,600050,44,"26244723, 6244723",8284143,-,malliga_sridhar@yahoo.co.in,-,1989,Malliga Sridhar,Senior Secondary,Tamilnadu Arya Samaj Edn Society,-,Thiruvallur
Avs Global School,1931088,206/3a,635107,-,8870004596,-,-,avsglobal.dkottai@gmail.com,http://www.avsglobal.in,2017,Mrs. Jeevarekha.s,Secondary School,Avs Mahanidhi Educational Trust,-,Krishnagiri
Avpt School,1931344,"No 13a, Ganapathy Koil Street, Kamarajar Nagar, Avadi, Poonamallee Taluk, Tiruvallur District",600071,-,9176600196,-,-,avpt18@gmail.com,www.avptschool.com,2020,Mrs. Kalaiyarasi R,Secondary School,Valanadu Periyakaruppan Trust,-,Thiruvallur
Avvai Vidhyashram Public School (Cbse),1931001,Jadayampatti(vill)polayampalli(po)morappur-harur(tk)dharmapuri (dt),635305,-,8667710947,-,-,avvaividhyashram@gmail.com,www.avvaividhyashram.com,2018,Mrs. Sharmila S,Secondary School,Avvai Vidhyashram Public School,-,Dharmapuri
Awniyya Public School,1931282,"Near Jj Eng. College,trichy- Dindigul Highway",620009,-,9385375835,-,-,info@awniyyapublicschool.com,awniyyapublicschool.com,2018,Mrs. Sabana Parvin,Secondary School,Awniyya World Peace Trust,-,Trichirappalli
B V Bhavan's Rajaji Vidyashram,1930044,485  Kilpauk Garden Road Kilpauk Chennai Tamil Nadu,600010,44,"26442823, 6442168",26442168,26604466,brvprincipal@bvbchennai.org,http://www.bvbchennai.org,1980,P.g. Subramanian,Senior Secondary,Bharatiya Vidya Bhavan,-,Chennai City
B.V.M. Global,1930606,"No. 144, Corporation Road, Seevaram, Perungudi Village, Chennai-600096, Sholinganalur Taluk, Kancheepuram Dist.",600096,-,9677015266,-,4465510826,principal_perungudi@bvmglobal.org,http://www.bvmglobal.org,2013,Debjani Ghosh,Senior Secondary,B.v.m. Global Education Trust,-,Kancheepuram
B.V.M. Global Karpagam Campus,1930577,"635/680/6,681/1, Kathiravan Gardens, Singanallur, Coimbatore-641005",641005,422,7708873733,-,4226471116,principal_coimbatore1@bvmglobal.org,http://coimbatorekarpagam.bvmglobal.org/index.aspx,-,Mrs. Syeda Sarfraz S A,Senior Secondary,-,-,Coimbatore
B.V.M. Global Bollineni Hill Side,1930646,"Perumbakkam Road, Nookampalyam Village, Chennai-600125, Sholinganallur Taluk, Kancheepuram District.",600126,44,49578110,-,4464500705,principal_bollinenihillside@bvmglobal.org,http://www.bvmglobal.org,2013,P G Subramanian,Senior Secondary,B.v.m. Global Education Trust,-,Kancheepuram
B.V.M. Global,1930557,"Survey No. 3/6, 3/5b, 3rd North Main Raod, Morais City, Gundur Village, Thiruverumber, Trichy District.",620007,431,0431290441,-,431290441,info.trichy@bvmglobal.org,http://trichy.bvmglobal.org,-,Mr. N.madhusudan,Senior Secondary,-,-,Trichirappalli
Babaji Vidhyashram,1930692,-,600119,44,42105757,-,-,info@babajividhyashram.org,http://www.babajividhyashram.org,2015,Fatima  Magdalene Majella Philip,Senior Secondary,Babaji Foundation,-,Chennai City
Bala Vidya Mandir Sr Sec School,1930021,Iv-main Road  Gandhi Nagar Adyar.  Chennai Tamil Nadu,600020,44,"24424445, 4424446",8754100938,-,bvmadyarprincipal@gmail.com,-,1951,Srinivasa Raghavan R,Senior Secondary,Joint Management Committee,-,Chennai
Balsam Academy,1930274,"5/410,vanapadi Road,bharathi Nagar Ext",632403,4172,04172-272611,-,-,balsamacademy@gmail.com,http://www.balsamacademy.com,-,Mrs. Chitra Madhavan,Secondary School,-,-,Vellore
Bannari Amman Public School,1930433,"Althukombai Village, Sathyamangalam Taluk, Erode Distt., Tamilnadu",638401,4295,04295221212,-,4295222362,bapscbse@gmail.com,www.bapssathy.ac.in,2012,Mrs. Poonkodi R,Senior Secondary,Svb Foundation,-,Erode
Barani International School,1930929,"Mangalapalypilikalmedu, Emapalli",637214,-,04288-226291,-,-,baraniinternationalschool@gmail.com,-,2014,Mr.s.guruparan,Secondary School,Sri Barani Academy Of Education,-,Namakkal
Belief Central School,1931058,"Door No.18/145 Keela Kaatuvilai Road, North Anjukudiruppu, Thengamputhur Village And Town Panchayat",629602,-,04652298077,-,4652286946,beliefcentralschool@yahoo.com,http://www.beliefcentralschool.com,2016,Mrs. Soudhambika P,Senior Secondary,Belief Charitable Trust,-,Kanyakumari
Benglen Public School,1931145,"1. Tvs Nagar Road,kavundampalayam, Coimbatore 641030",641030,-,9843077572,-,-,frankcbe@yahoo.com,www.benglen.org,2012,Mrs. Margaret,Secondary School,Laurel Educational Trust,-,Coimbatore
Best International School,1931338,"323/5, Kadayanallur To Senthamaram Main Road, Kampaneri, Kanmaniyapurm (post)",627751,-,04633240551,-,-,bestinternationalpublic@gmail.com,http://www.bestinternationalschool,2019,Mrs. Regina Mary,Secondary School,Prime Hasan Educational Trust,-,Tirunelveli
Best Public School,1931343,"8/31f,kadakodu,kannerimukku[post]kotagiri",643217,-,04266274991,-,-,best.ktg@gmail.com,www.bestpublicschoolkotagiri.com,2018,Mr. Arjunan B,Secondary School,Shree Hiriyodaiya Educational Trust,-,The Nilgiris
Beta Public School,1930489,"1, Beta Paradise Road, Cizhakandikuppam Village, Siruvakkam Post,",631552,44,044-67276123,-,-,betaps2011@gmail.com,http://www.betapublicschool.org,2011,Mrs. Mangalam  A,Senior Secondary,Cjkr Educational Trust,-,Kancheepuram
Best School,1930812,"8-41/b3, Paloor, Karungal, Kanyakumari District, Tamilnadu",629157,4651,04651268967,-,-,anithataskt@gmail.com,http://www.bestschoolcbse.com,2015,Mrs. V.s.sumi,Senior Secondary,Ilakiya Educational And Charitable Trust,-,Kanyakumari
Bethany Navajeevan School,1931074,Bethany Nagar Vencode,629171,-,04651233800,-,-,bncbse@gmail.com,http://www.bethanycbse.edu.in,2012,Dr. John Christopher Oic,Senior Secondary,Bethany Navajeevan Trust,-,Kanyakumari
Bethlahem New Cbse Central School,1931287,Moosari Junctionkarungal,629157,-,04651269133,-,-,lolikahu@yahoo.com,http://bncbse.org,2018,Mrs. Pappa,Secondary School,Nesamony Memorial Trust,-,Kanyakumari
Bhaarath Public Cbse School,1930329,"Amaravathi Pudhur- Aaravayal Main Road, Near Kaderi Ambal Mills, Aaravayal, Devakottai Taluk, Sivaganga District-630314.",630314,4561,09245405915,-,------,bhaarathcbse@yahoo.in,http://www.bhaarathschools.com,2009,Mr. Daniel G. Varghese,Senior Secondary,Gomuka Trust & Research Foundation,-,Pasumpon-Muthuramalinga T
Bhaarath Public School,1931138,"Dindigul Main Road,palani",624613,-,04545241965,-,-,bhaarathpublicschool2018@gmail.com,WWW.bhaarathpublicschool.com,2018,Mrs. S.meenakumari,Senior Secondary,Chanakya Educational Trust,-,Dindigul
Bhaktavatsalam Vidyashram,1930132,Periyar Nagar Korattur Chennai Tamil Nadu,600080,44,"9171434567, 6241547",9444837587,-,vijimarch31@gmail.com,-,1990,Mrs.n.vijayalakshmi,Senior Secondary,Bhaktavat Salam Memorial Trust,-,Chennai
Bharani International Modern School,1931006,"Kannandahalli (post),mathur Union, Bargur Tk,krishnagiri Dt,",635203,-,9786651715,-,-,bimschool2012@gmail.com,-,2012,Mr. Pillai Muthu Kumari .t,Secondary School,Saraswathi Educational Trust,-,Krishnagiri
Bharani Vidhyalaya,1930254,"Bharani Gardens, Salem Byepass Road, Vennaimalai Post, Karur",639006,4324,652199,2758565,4324221109,principalraam@gmail.com,http://www.bharanividhyalaya.org,2009,C Ramasubramanian,Senior Secondary,Mmm Educational & Charitable Trust,-,Karur
Bharat International School,1930502,"Chennai Salai Subhedarmedu, Krishnagiri(tk&dt)",635001,4343,o4343645o41,-,-,bharatinternational12@gmail.com,http://www.bharatinternationalschool.com,2012,Mr.rajasekaran U,Senior Secondary,Bharat Educational Trust,-,Krishnagiri
Bharath Sr Sec School,1930046,121  Kamaraj Avenue Adyar  Chennai Tamil Nadu,600020,44,"24413051, 4414484",4411387,-,premshantha50@gmail.com,-,1961,K Premshantha,Senior Secondary,Bharath Educational Society,-,Chennai
Besant Arundale Sr Sec School,1930047,Kalakshetra Foundation Thiruvanmiyur Chennai Tamil Nadu,600041,44,24526211,4335146,-,principalbass@kalakshetra.in,-,1973,M Kalaiarasi,Senior Secondary,Kalakshetra Trust,-,Kancheepuram
Bharath Vidya Mandir,1930562,"No.4, Courtallam Five Falls Bye Pass Ilanji Tenkasi Taluk Tirunelveli District",627805,4633,223203,-,-,vanita0506@gmail.com,-,2013,Vanitha S,Senior Secondary,Appasamy Karayalar Charitable Trust,-,Tirunelveli
Bharathi Academy,1930676,"Reddipatti Post, Namakkal Dt, Pin: 637002",637002,-,7373087175,-,-,bharathicbse@gmail.com,http://www.bharathischool.com,-,Mr. P.prince Chelliah,Secondary School,-,-,Namakkal
Bharathi International School,1931133,"Raj Garden, Veerasangili Road,vijayamangalam(via),perundurai(tk),erode(dt)",638056,-,8098144999,-,-,bisvjm@gmail.com,www.bharathivijayamangalam.com,2018,Mrs. Nithya Kalyani,Senior Secondary,Bharathi  Educational Trust,-,Erode
Bharathi Vidhya Bhavan School,1930467,"Amaravathipalayam Road Vijayapuram(po)tirupur, Coimbatore-641606",641606,421,9843846578,-,-,bvbscltpr@gmail.com,-,2005,Shisymol S,Senior Secondary,Panchacharam Kannammal Educational Trust,-,Coimbatore
Bharathi Vidhyalaya School,1930593,Karattoor,638476,4285,224397,-,4285224397,srikavvitha@gmail.com,http://www.bharathividhyalaya.org,1999,Sri Kavvitha P B,Senior Secondary,Bharathi Vidhyalaya Educational Trust,-
Bharathiyar Hi-Tech International School,1930512,"Near Railway Station,attur",636102,4282,04282250899,-,-,bharathiyarhitech@gmail.com,http://www.bharathihitech.com,2009,Dr Poongothai Velmurugan,Senior Secondary,Amman Education And Women Development Trust,-,Salem
Bharati Vidyalaya Sr. Secondary School,1930158,"721, Sholinganallur - Medavakkam High Road, Perumbakkam, Kanchipuram",600100,44,"65725052, 2461122",4937177,24790015,ananth.pushpa@gmail.com,-,2001,A Parvathy,Senior Secondary,Vidya Bharthi Trust,-,Chennai
Big Dreamers Academy,1931036,Pasumpon Nagargujiliamparai Road,624005,-,04551227433,-,-,bigdreamers16@gmail.com,www.bigdreamer.in,2016,Mrs. Radha Devi . B,Senior Secondary,Rajasuthanthra Educational Trust,-,Dindigul
Billabong High International School,1931190,"No. 64/b, Chenganmal Kayar Main Road, Thaiyur, Kelambakkam",603103,-,04427414200,-,-,asma@rayyaneducation.com,https://www.billabongkelambakkam.com/,2018,Mrs. Asma Nainar,Secondary School,Rayyan Educational Trust,-,Kancheepuram
Billabong High International School,1930964,"Nh4, Thamaraithangal Village, White Gate, Kanchipuram-631502",631502,-,8883209999,-,-,billabong.kpm@gmail.com,http://www.billabongkanchi.com,2017,Mr. P.v.m.kameswara Rao,Senior Secondary,Kaveeya Shri Educational Trust,-,Kancheepuram
Bharrathi Vidyashram,1931342,726 Bhajani Koil Stserapanancheripadappai,601301,-,09940435828,-,-,bharrathividyashram@gmail.com,http://www.bharrathividyashram.com,2013,Mrs. Agnes Selvi,Secondary School,Bharrathi Educational Trust,-,Kancheepuram
Bishop Devadass Ambrose Vidyalaya,1931275,Bishop Sundaram Campusnanjikottaipudukkottai Road,613007,-,04362276788,-,-,bishopschool20@gmail.com,www.bishopschool.in,2019,Miss Jenifer S,Secondary School,The Diocese Of Tanjore Society,-,Thanjavur
Billabong High International School,1930718,"S.v.g. Puram,pallipet Taluk",631304,44,9944216159,-,-,principal.tiruttani@billabonghighschool.com,http://www.billabongtiruttani.co.in,2015,Mr. Naren  Babu A,Senior Secondary,Shri Vahri Educational Charitable Trust,-,Thiruvallur
Bishop Remigius School,1930797,"Bishop Remigius School, Carmel Nagar.",629004,4652,04652265434,-,-,bishopremigiusschool@gmail.com,www.bishopremigiusschool.com,2015,Mr. Muthaiah Selvaraj,Senior Secondary,The R.c. Diocese Of Kottar,-,Kanyakumari
Blessings International School,1930991,"Blessings Nagar Thandarai, Keerapakkam Via, Thiruporur Taluk,kancheepuram District,tamilnadu",603109,-,04429547481,-,-,blessings_2013@rediffmail.com,www.blessingscbse.com,2019,Mrs. T Kiruba Princess,Senior Secondary,Blessings Educational Trust,-,Kancheepuram
Blossom Bluebells Academy,1931432,"Thirukanurpatti, Thanjavur",613303,-,9489300813,-,-,info@blossombluebells.com,https://www.blossombluebells.com/,-,Sivagami R,Middle Class,Valli Foundation,-,Thanjavur
Blossom Public School,1930305,"Keelavastha Chavady, Pattuikottai Road",614904,4362,276276,-,-,maryshanthi2408@gmail.com,-,2001,Mary Shanthi S,Senior Secondary,Wisdom Foundation,-,Thanjavur
Bodhi International School,1930930,"Sakthi Nagar, Azhagapuri Bus Stop, Madurai-thondi Main Road,kollangudi,kalaiyarkovil Taluk,",630551,-,9940263639,-,-,maneshsathyanathan@gmail.com,www.bodhischool.org,2016,Mrs. Kaliswari,Senior Secondary,Vanavil Educational Foundation,-,Pasumpon-Muthuramalinga T
Bhavan's Gandhi Vidyashram,1930086,P.b.no.9  Golf Club Road Kodaikanal Dindigul Dist. Tamil Nadu,624101,4542,"240376,, 43972",243498,240376,principal@gandhividyashram.com,http://gandhividyashram.c,1983,C. Radhakrishnan,Senior Secondary,Bharatiya Vidya Bhavan Bombay,-,Dindigul
Brammaas Vidhyalaya School,1930603,"#5/222,railway Station, Gudiyattam.",632602,4171,228325,-,04171 228325,principalbrammaascbse@gmail.com,http://www.brammaascbse.com,2012,Hebsey Devapitchai,Senior Secondary,Brammaas Educational Trust,-
Boaz Public School,1930171,Velachery Road Gowrivakkam Chennai,601302,44,22780083,4424413203,-,principal@boazpublicschool.com,-,1996,Sairabanu Robert,Senior Secondary,Boaz Educational Trust,-,Kancheepuram
Bon Secours Public School,1930694,Pannavayal Road,614602,4373,223177,-,-,srjayaranifbs@gmail.com,-,2013,Jayarani,Senior Secondary,The Regular Tertiary Franciscan Sisters Of Our Lady Of Bon Secours,-,Thanjavur
Breek's All India Secondary School,1930069,Ootacamund Nilgiris Tamil Nadu,643001,423,"2442091, 442761",445633,-,sknethaji@gmail.com,-,1972,Nethji S K,Secondary School,Breeks Board Of Management,-,The Nilgiris
Bright Minds Vidyodaya,1930295,Walaja-sholingur Road Keelpudupetnear Dhanvanthri Temple,632513,4172,230631,-,-,srijyothi2008@gmail.com,http://www.bmvschool.com,2006,V Srijyothi,Senior Secondary,Broad Vision Trust,-
Bright Public School,1930786,Kulamandai,604401,4182,04182241212,-,-,brightcbse@gmail.com,www.brightcbse.ac.in,2013,Mrs. Saraswathi B,Secondary School,Shree Hayagreevar Educational Trust,-,Tiruvannamalai
Brilliant Kids Global School,1931294,"13/7, Periyar Salai,shanmugapuram",624601,-,9944636223,-,-,brilliantkidscbse@gmail.com,http://www.brilliantkidsschool.com,2020,Mrs. C.selvanayaki,Secondary School,Muthuswamy Naidu Lakshmi Ammal Education Trust,-,Dindigul
Brilliant School,1930498,"Survey No. 38/15, 38/11a Adirampattinam Road, Pattukkottai Road,pudukkottai Ullur Village, Thanjavur.",614701,4373,04373241551,-,-,brilliantcbse@gmail.com,http://www.brilliantschool.com,-,Mr. N.ragupathi,Senior Secondary,-,-,Thanjavur
Brilliant Vidya Bhavan,1930877,"84 A,ammasai Gounder Street, Vellakinar,coimbatore - 641029",641029,-,04222908791,-,-,brilliantvidyabhavan@gmail.com,http://www.bvbcbse.com,2017,Mrs. Saroja G,Senior Secondary,Brilliant Educational Trust,-,Coimbatore
Brindhavan Public School,1931158,Hukkiranpatti Pattukkottai Taluk 614615,614615,-,9443807005,-,9443807005,brindhavancbseschool16@gmail.com,http://www.brindhavanpublicschool.com,2016,Mr. Jaychitra,Secondary School,Pattukkotai Educational And Charitable Trust,-,Thanjavur
Brindavan Anglo Vedic International School,1930950,"Kikathirpur (sevilimedu - Ambi Road), Kancheepuram Taluk, Kancheepuram District - 631 501",631501,-,9751923044,-,-,bavschoolkpm@gmail.com,www.bavinternationalcbseschool.com,2015,Mrs. J. Mary Stella,Senior Secondary,Sri Sarguru Sivasamy Educational Trust,-,Kancheepuram
Alpha School,1930798,"No: 16, 3rd Cross Street, West Cit Nagar, Chennai",600035,44,04424340369,-,-,citschool@alphagroup.edu,http://www.alphagroup.edu,2013,Mrs. Reena Alfred,Senior Secondary,Alpha Educational Society,-,Chennai
Alpha Wisdom Vidyashram,1930195,"Alpha Avenue, Sudhana Nagar K K Nagar East Tiruchiurapalli Tamil Nadu",620007,431,2457308,2458619,-,iniyaram@yahoo.com,-,2000,Dr M Porchelvi,Senior Secondary,Alpha Foundation For Edu Research,-,Trichirappalli
Alwin Memorial Public School,1930282,"Indira Nagar, Selaiyur, Chennai. 600 073",600073,44,22290665,-,4422292674,alwinschool2010@gmail.com,-,2010,Jayanthi Sivakumar,Senior Secondary,Vijay''s Educational Trust,-,Kancheepuram
Alwin International Public School,1930749,"Zion Avenue, Padappai",601301,44,04427174021,-,-,aipsschool2015@gmail.com,http://www.alwininternationalpublicschool.com,2015,Mrs. Jayanthi Sivakumar,Senior Secondary,Vijays Educational Trust,-,Kancheepuram
Ambari Vidya Mandir,1931125,"Kavanoor Road, Arakkonam",631004,-,9443134883,-,-,nehemia.shaw12@gmail.com,http://www.ambaricbse.edu.in,2018,Mrs. Kavitha Thiagarajan,Middle Class,A V A Mudliar Education And Chairitable Trust,-,Vellore
Ambari Vidya Mandir,1931181,"Kavanoor Village, Arakkonam Taluk, Vellore District-631004",631004,-,9443134883,-,-,ambarisenthil@gmail.com,ambaricbse.edu.in,2018,Mrs. Kavitha Thiagarajan,Secondary School,A.v.a.mudaliar Educational And Charitable Trust,-,Vellore
Amrita Vidyalayam,1930334,"Tiruchirapalli Solanganalur Village, Malliyampath Post, Rettai Vaikal, Vayalur Road",620102,431,2918555,-,-,usha3466@gmail.com,-,2010,Usha Raghavan,Senior Secondary,Mata Amritanandamayi Math,-,Trichirappalli
Amrita Vidyalayam,1931146,"Amrita Road, 200 Ft Bypass - Service Road, Kovur",600128,-,9710400044,-,-,principal@kovur.avchennai.edu.in,www.kovur.avchennai.edu.in,2018,Mrs. B. Vani Srinivasan,Senior Secondary,Mata Amritanandamayi Math,-,Chennai
Amrita Vidyalayam,1930316,"Ramasamy Nagar, Extension Ii, Nallampalayam, Ganapathi Post",641006,422,2538326,-,-,avnallampalayam@gmail.com,-,2010,Nirupamamrita Chaitanya,Senior Secondary,Mata Amritanandamayi Math,-,Coimbatore
Amrita Vidyalayam,1930161,Amman Nagar Nesapakkam Chennai,600078,44,"24700119, 4880831",23642948,-,principal@avchennai.edu.in,-,1989,Subashini Haridas,Senior Secondary,Mata Amritanandamayi Math Trust,-,Thiruvallur
Amrita Vidyalayam,1930359,"Vadakudi Road, Collectorate Post Nagapattinam",611003,4365,252025,-,-,ejgpat@yahoo.com,-,2010,Jayaganapathy E,Senior Secondary,Mata Amritanandamayi Math,-,Nagapattinam
"Amrita Vidyalayam, Kanyakumari",1930556,"Amrita Puram, Saravanantheri, Agastheeswaram Post, Kanyakumari",629701,4652,04652270700,-,-,avkk2011@gmail.com,http://amritavidyalayam.in/,2011,Mr. Pradeeshkumar M,Senior Secondary,Mata Amritanandamayi Math,-,Kanyakumari
"Amrita Vidyalayam, Ettimadai",1930444,"Palakad Main Road, Ettimadai Post,",641105,422,2656621,-,-,principal.ave@gmail.com,-,2011,C Jayalatha,Senior Secondary,Mata Amritanandamayi Math,-,Coimbatore
"Amrita Vidyalayam, Ramanathapuram",1930735,"Rajasooryamadai Village, Keezhakarai Road,",623504,91,9488904070,-,0422-2656274,avramnad2014@gmail.com,http://amritavidyalayam.in/,2013,Mr. Dhanapal P,Senior Secondary,Mata Amritanandamayi Math,-,Ramanathapuram
"Amrita Vidyalayam, Rameswaram",1931154,"Peikarumbu, Ariyankundu Post, Pamban",623529,-,9600908351,-,-,avrameshwaram2018@gmail.com,http://amritavidyalayam.in/,2018,Mr. Surendra Nath,Secondary School,Mata Amritanandamayi Math,-,Ramanathapuram
"Amrita Vidyalayam, Thoothukudi",1930886,"Amrita Nagar, Senthilampannai, Maravanmadam Post,",628103,-,04612272003,-,-,avthoothukudi2016@gmail.com,http://amritavidyalayam.in/,2016,Mr. Vidhyasankar S,Senior Secondary,Mata Amritanandamayi Math,-,Thoothukudi
"Amrita Vidyalayam, Tirupur",1930760,"Vettuvapalayam Road, Mangalam Post",641663,421,2344517,-,-,amritatejasavt@gmail.com,http://www.amritavidyalayam.in,2011,Mr. Muralidharan,Senior Secondary,Mata Amritanandamayi Math,-,Erode
Anan International School,1930315,"14/284/1, Sitra Road,kalapatti, Coimbate 48",641048,422,6565622,-,0422 2627634,info@anankidsacademy.com,http://www.anankidsacademy.com,2009,Stephenson J,Senior Secondary,Sri R.i. Foundations,-,Coimbatore
Angappa Academy,1931421,"Kavundampalayam, Coimbatore",641025,-,0422240042,-,-,angappaacademy@gmail.com,www.angappaacademy.com,-,Revathi Radhakrishnan,Secondary School,Angappa Educational Trust,-,Coimbatore
Annai Chellammal Cbseschool,1931295,"5/1,palace, Thiruppathisaram,thovalai Taluk,nagercoil, Kanyakumari District",629901,-,9894076386,-,-,annaichellammalcbseschool@gmail.com,-,1994,Mr. John Immanuel Rajan,Middle Class,Annaichellameducationaltrust,-,Kanyakumari
Angappa Edu. Trust Sr Sec School,1930054,Raja Annamalai Chettiar Road S B Mission East Post Saibaba Colony  Coimbatore Tamil Nadu,641011,422,2447532,2245644,2447532,principalangappa@gmail.com,-,1973,K Navamani,Senior Secondary,Angappa Educational Trust,-,Coimbatore
Annai Meenakshi Public School,1930881,"Tn Puthukudi,pambukoil Sandhai Road,puliangudi",627855,-,04636234310,-,-,annaimeenakshischool@gmail.com,www.ampscbse.com,2014,Mr. Amal J Eronimus,Senior Secondary,Mariappa Nadar Sornammal Educational And Charitable Trust,-,Tirunelveli
Annai Violet International School,1930810,"No.11, Red Hills Road, Pudur, Ambattur",600053,44,04426864011,-,-,avis11.edu@gmail.com,http://www.violetcbse.com,2013,Mrs. T.esther Sathyavathy,Senior Secondary,Anna Anadhai Illam,-,Thiruvallur
Antony Public School,1930723,"Cuddalore Main Road, Pudukurapet Village, Sathamangalam Post",606003,473,04143238320,-,4143239360,lydiajeyanthi@yahoo.co.in,http://www.antonypublicschoolpkpet.com,2015,Dr. Lydia George,Senior Secondary,Joe-lourdes Educatuinal Trust,-,Cuddalore
Anugraha Mandhir,1930520,"S.f. No. 54/3, Appanaickenpatti Main Road, Kalangal Village, Sulur",641402,422,04222914779,-,-,alshobaa@yahoo.in,http://www.anugrahaschools.in,2010,Miss Sangeetha K. S.,Senior Secondary,Anugraha Educational Trust,-,Coimbatore
Anugragha International School,1930535,"140/1a, Udumalpet -dharapuram Main Road,thungavi Village,madathukulam (t.k)tirupur (d.t)",642203,4252,250143,-,-,anugraghaschool@gmail.com,-,2011,Sudha,Senior Secondary,Selvamurugan Educational Trust,-,Coimbatore
Anuvrat Vidhyalaya School,1930335,"""suswani Bagh"" Kannikapuram, Kalanipakkam Village, Vellore",635809,-,9488961021,-,-,anuvratvidhyalaya2011@gmail.com,-,2011,Sundaramoorthi V T,Senior Secondary,Arham Foundation,-,Vellore
Apex Pon Vidyashram,1930568,"No.42,thirugnana Sampanthar Street,srinivasa Nagar,, Velachery,chennai.",600091,44,04449528277,-,-,ponvelachery@gmail.com,http://www.ponvidyashram.in/,2008,Mrs. R. Niranjani,Senior Secondary,Ponnammal Educational Trust,-,Chennai City
Apollo Vidyashram,1930322,"Mevaloorkuppam, Sriperumbudur Taluk, Kancheepuram Dist, Tamil Nadu",602105,44,30963304,-,4424362185,prinavapollo@gmail.com,http://www.apollovidyashram.in,2012,Vijayaragavan J,Senior Secondary,Periyasamy Pillai Educational Trust,-,Kancheepuram
Apple Perks International School,1931029,"S.no.11/2a1a, Svv Nagar, Kolathur.",636303,-,9842723331,-,-,appleperkscbse@gmail.com,-,2017,Mrs. Nancy Mary P,Senior Secondary,Apple Educational Trust,-,Salem
Appu Arivaalayem Secondary School,1930533,Appu Thottamrakkiyampatti Roadkonganapuram Villageedappady Taluksalem District,637102,4283,04283266046,-,-,appuarivaalayem@gmail.com,www.kodaimaatchi.org,2011,Mrs. Saraswathi Goundan,Senior Secondary,The Gift Foundation,-,Salem
Arb International School,1930497,"Arbinternationalschool,thallakkarai Village,zamin Muthur(po)",642005,4259,04259261591,-,4259261250,info@arbschool.edu.in,www.arbschool.edu.in,2013,Mr. Arasu Periyasaamy,Senior Secondary,Lakshmi Appukutty Charitable Trust,-,Coimbatore
Aristo Public School,1930255,"Aps Avenue,gedilam Bye-pass Rd,thirupathiripuliyur",607002,4142,236888,3192236175,04142-297730,Pricipalaristo@apsfoundation.in,-,2007,Jaculine Priya,Senior Secondary,Aps Foundation,-,Cuddalore
"Army Public School, Chennai",1980011,"Army Public School,60 Feet Road,nandambakkam, Chennai - 600 089.",600089,-,04422330309,-,-,armypublicschoolchennai@gmail.com,-,2009,Uma Chandrasekaran,Senior Secondary,Awes,-,Chennai City
Army Public School,1980007,Wellington Nilgiris Tamil Nadu,643231,423,2234538,9894034538,-,armyschool@hotmail.com,-,1977,Mr.  P Chelliah,Senior Secondary,Air Fce Station,-,The Nilgiris
Arr Sl Vidyashraam School,1931003,"No.156, A.r.r Road, Kumbakonam",612001,-,04352417016,-,-,arrslvscbse@gmail.com,www.arrslvidyaashramschool.com,2013,R.radha,Senior Secondary,Arr Sl Educational Trust,-,Thanjavur
Arokia Annai Academy,1931395,"Pothayadi Mylaudyroadkulasekharapuram Po, Agasteeswaram Taluk",629403,-,04652291014,-,-,arokiaannaischool@gmail.com,http://www.aaacbseschool.in,-,Vasantha Kumari,Secondary School,Arokia Annai Educational And Charitable Trust,-,Kanyakumari
Arrs Academy,1930440,"Harur Main Road,valasaiyur,salem.",636122,427,2484878,-,-,principal@arrsschools.com,http://www.arrsschools.com/,2011,T P Suresh Poduval,Senior Secondary,Arr Srinivasan Rajeswari Charitable Trust,-,Salem
Arsha Vidya Mandir,1930202,114 Valachery Road Guindy Chennai Tamil Nadu,600032,44,"22301177, 22300505",9838161560,-,principal@arshavidyamandir.in,-,1996,P Nagarajan,Senior Secondary,Shri Abhineva Vidyaseva Trust,-,Chennai
Arudhra International School,1931289,"147/3a1,nachipalayam Pirivu,kangeyam Road",641606,-,04212359933,-,-,svgrtrust@gmail.com,www.arudhraschool.org,2017,Mrs. Mekalamani V,Secondary School,S.v.g.r Educational & Charitable Trust,-,Tiruppur
Arulmigu Meenakshi Amman Public School,1930379,"Alapakkam Main Road, Porur Post",600116,44,24766178,-,-,radhajothig@gmail.com,-,2010,Radha Jothi R G,Secondary School,Meenakshi Ammal Trust,-,Thiruvallur
Arumugham Palaniguru Modern School,1930513,"360/4, Nathampatti Road",626102,4563,257744,-,4563257340,principalapms3@gmail.com,http://www.arumuga.com,2013,Prajit P,Senior Secondary,Arumugham Palaniguru Charities,-,Virudhunagar
Ashirwads International School,1931312,P. Venkatapuram Road Pakkam,632602,-,04171220555,-,-,manjusanjay848@gmail.com,http://www.ashirwadsfoundation.com,2013,Mrs. M.charmain Deepa,Senior Secondary,Ashirwad Educational Trust,-,Vellore
Arya Vidhyasshram International Residential School,1930795,"Katpadi Road, Chennarayanapalli Village,  Sethuvandai Post,",635803,-,04171 245 046,-,-,aryacbsegym@gmail.com,http://www.aryacbseschool.in,2016,Mrs.a.madhavi Madhavan,Senior Secondary,"Arya Educational & Charitable Trust, Gudiyattam",-,Vellore
Asan Memorial Sr Sec School,1930002,Cochin House 1-anderson Road Chennai Tamil Nadu,600006,44,"28275858, 8272616",6285052,-,arunaappasamy@gmail.com,-,1966,Aruna Appasamy,Senior Secondary,Asan Memorial Association Madras 6,-,Chennai
Asian Christian High School,1930159,Jeemangalam Village Bagalur  Po Hosur Tamil Nadu,635103,434,"4291184, 5462787",7.53E+19,-,teresammal.robi@acaindia.org,-,1988,Teresammal Robi,Senior Secondary,The Asain Christian Academy Of Indi,-,Dharmapuri
Asian International Residential School,1931262,"Palayaseevaram, Opp. Padmavathy Sugar Mill, Walajabad Taluk, Kanchipuram District - 631605.",631605,-,9025665376,-,-,airscbse@gmail.com,http://www.asianirs.com,2018,Mrs. R.vijayakumari,Secondary School,Sree Venkateshwara Technical Educational Trust,-,Kancheepuram
Athena Global School,1930451,Thunisiramedu T. Neduncheri Road  Veerasozhagan,608602,4144,4144 9445261000,-,-,principalcbse@athena.edu.in,http://www.athenaglobal.in,2012,Mrs.vallikannu,Senior Secondary,G R Education Trust,-,Cuddalore
Atlantic International School,1930799,464 Veerayankottai,614802,-,9585733726,-,-,atlanticintl.school@yahoo.in,www.atlanticschool.in,2016,Mr. J Arul Prabhakar,Senior Secondary,Subbiyan Savithri Educational And Charitable Trust,-,Thanjavur
Atomic Energy Central School,1980004,Kalpakkam Tamil Nadu,603102,4114,81061,89187,-,aecs1kpm@yahoo.co.in,-,1987,Sh B P Sharma,Secondary School,Atomic Energy Education Society Bom,-,Kancheepuram
Atomic Energy Central School,1980008,Chettikulam Po Radha Puram Taluk Tirunelveli Distt Tamil Nadu,627124,4637,258271,04637-258272,4637257975,aecskud@yahoo.co.in,-,2002,Mr. Dr. V. Varadaraj,Senior Secondary,Atomic Energy Edu Society,-,Tirunelveli
Atomic Energy Central School No-2,1930973,"Dae Township, Sadras(east), Kalpakkam, Kancheepuram, Tamilnadu",600089,44,27481598,27481259,-,grgoud2000@yahoo.com,-,2009,G Ramchander Goud,Secondary School,Awes,-,Kancheepuram
Atomic Energy Central School,1980009,"Dae Township Anupuram,   P.o., Kanchipuram Dist.",600312,-,2748226,-,-,-,-,1991,-,Senior Secondary,Atomic Energy Education Society,-,Kancheepuram
Atomic Energy Central School No-2,1980012,"Dae Township, Sadras(East), Kalpakkam, Kancheepuram, Tamilnadu",600089,44,27481598,27481259,-,AECS2KALPAKKAM.TN@NIC.IN,-,2009,T Elango,Secondary School,Awes,-,Kancheepuram
Aurobindo International School,1930270,"Near Vekkaliamman Kovil, Fathima Nagar, Woraiyur, Trichy",620003,431,2760795,3192236175,-,sweety_kingsley@yahoo.com,-,2009,L Sweety Irin,Senior Secondary,Sai Sundari Sreenivasan Educational Trust,-,Trichirappalli
Aurobindo Vidhyalaya School,1930624,Yernam Medualangium Roaddharapuram,638657,4258,04258225577,-,-,aurobindovidhyalaya@gmail.com,www.aurobindovidhyalaya.com,2013,Dr. Niju.p,Senior Secondary,Vivekananda Educational And Charitable Trust,-,Tiruppur
Avatar International Model School,1931435,"Valan Nagar, Near Pottalkulam",629401,-,04652267710,-,-,info@myaimschool.com,www.myaimschool.com,-,P S Soudhambika,Secondary School,Kumaraperumal Educational Trust,-,Kanyakumari
Avatar Public School,1930525,Golf Club Roadmayiladum Paraichettipalayamcoimbatepin 641 201,641201,422,04222655444,7373018383,-,avatarpublicschool@gmail.com,http://www.avatarpublicschool.com,2012,Mrs. Remya.b,Senior Secondary,Aingaran Educational Charitable Trust,-,Coimbatore
Avk International Residential School,1930319,"No. 188, Rajapalayam Main Road, Sankarankovil - 627 756",627756,4636,222415,-,04636 222315,avkschools@gmail.com,-,2011,S.subramanian,Senior Secondary,M/s. A. Venkateshkumar Memorial Trust,-,Tirunelveli
Avp Trust Public School,1930358,"A.v.p Layout, Gandh Inagar,angeripalayam(post),tirupur-641603",641603,421,0421-4244333,-,0421-4329005,avptrustpublicschool@gmail.com,http://avppublicschool.org,2011,Mrs. C.karpagam,Senior Secondary,A.p. Arul Jothi Educational Trust,-,Coimbatore
